{"mse": 2184.194190213235, "bias": 1070.0359550750268, "coef": "109.32439198887485 -89.7235472785981", "time": 1.8365511894226074}