{"mse": 4356.611357123126, "bias": 1070.083333333334, "coef": "118.23278716833784 -80.81515288387868", "time": 0.0006008148193359375}